kingdom	phylum	class	order	family	genus	Species
Animalia	Chordata	Mammalia	Rodentia	Muridae	Apodemus	Apodemus agrarius
Animalia	Chordata	Mammalia	Rodentia	Muridae	Apodemus	Apodemus flavicollis
Animalia	Chordata	Mammalia	Carnivora	Mustelidae	Lutra	Lutra lutra
Animalia	Chordata	Mammalia	Carnivora	Mustelidae	Lutra	Lutra lutra
Animalia	Chordata	Mammalia	Carnivora	Mustelidae	Martes	Martes martes
Animalia	Chordata	Mammalia	Carnivora	Mustelidae	Martes	Martes martes
Animalia	Chordata	Mammalia	Carnivora	Mustelidae	Mustela	Mustela putorius
Animalia	Chordata	Mammalia	Carnivora	Mustelidae	Mustela	Mustela putorius
Animalia	Chordata	Mammalia	Soricomorpha	Soricidae	Sorex	Sorex araneus
Animalia	Chordata	Mammalia	Chiroptera	Vespertilionidae	Plecotus	Plecotus auritus
Animalia	Chordata	Mammalia	Chiroptera	Vespertilionidae	Pipistrellus	Pipistrellus pygmaeus
Animalia	Chordata	Mammalia	Chiroptera	Vespertilionidae	Nyctalus	Nyctalus noctula
Animalia	Chordata	Mammalia	Carnivora	Mustelidae	Meles	Meles meles
Animalia	Chordata	Mammalia	Rodentia	Sciuridae	Sciurus	Sciurus vulgaris
Animalia	Chordata	Mammalia	Rodentia	Sciuridae	Sciurus	Sciurus vulgaris
Animalia	Chordata	Mammalia	Rodentia	Cricetidae	Arvicola	Arvicola amphibius
Animalia	Chordata	Mammalia	Rodentia	Muridae	Apodemus	Apodemus flavicollis
Animalia	Chordata	Mammalia	Rodentia	Muridae	Apodemus	Apodemus flavicollis
Animalia	Chordata	Mammalia	Rodentia	Cricetidae	Myodes	Myodes glareolus
Animalia	Chordata	Mammalia	Rodentia	Cricetidae	Myodes	Myodes glareolus
Animalia	Chordata	Mammalia	Rodentia	Gliridae	Eliomys	Eliomys quercinus
Animalia	Chordata	Mammalia	Rodentia	Cricetidae	Arvicola	Arvicola amphibius
Animalia	Chordata	Mammalia	Rodentia	Muridae	Apodemus	Apodemus agrarius
Animalia	Chordata	Mammalia	Rodentia	Muridae	Apodemus	Apodemus agrarius
Animalia	Chordata	Mammalia	Erinaceomorpha	Erinaceidae	Erinaceus	Erinaceus europaeus
Animalia	Chordata	Mammalia	Soricomorpha	Soricidae	Sorex	Sorex araneus
Animalia	Chordata	Mammalia	Soricomorpha	Soricidae	Sorex	Sorex araneus
Animalia	Chordata	Mammalia	Soricomorpha	Soricidae	Sorex	Sorex minutus
Animalia	Chordata	Mammalia	Soricomorpha	Soricidae	Sorex	Sorex minutus
Animalia	Chordata	Mammalia	Soricomorpha	Soricidae	Neomys	Neomys fodiens
Animalia	Chordata	Mammalia	Soricomorpha	Soricidae	Neomys	Neomys fodiens
Animalia	Chordata	Mammalia	Soricomorpha	Talpidae	Talpa	Talpa europaea
Animalia	Chordata	Mammalia	Chiroptera	Vespertilionidae	Pipistrellus	Pipistrellus nathusii
Animalia	Chordata	Mammalia	Chiroptera	Vespertilionidae	Vespertilio	Vespertilio murinus
Animalia	Chordata	Mammalia	Chiroptera	Vespertilionidae	Nyctalus	Nyctalus noctula
Animalia	Chordata	Mammalia	Chiroptera	Vespertilionidae	Myotis	Myotis mystacinus
Animalia	Chordata	Mammalia	Chiroptera	Vespertilionidae	Vespertilio	Vespertilio murinus
Animalia	Chordata	Mammalia	Chiroptera	Vespertilionidae	Pipistrellus	Pipistrellus pipistrellus
Animalia	Chordata	Mammalia	Chiroptera	Vespertilionidae	Myotis	Myotis daubentonii
Animalia	Chordata	Mammalia	Chiroptera	Vespertilionidae	Pipistrellus	Pipistrellus nathusii
Animalia	Chordata	Mammalia	Chiroptera	Vespertilionidae	Myotis	Myotis brandtii
Animalia	Chordata	Mammalia	Chiroptera	Vespertilionidae	Plecotus	Plecotus auritus
Animalia	Chordata	Mammalia	Chiroptera	Vespertilionidae	Plecotus	Plecotus auritus
Animalia	Chordata	Mammalia	Chiroptera	Vespertilionidae	Myotis	Myotis dasycneme
Animalia	Chordata	Mammalia	Chiroptera	Vespertilionidae	Plecotus	Plecotus auritus
Animalia	Chordata	Mammalia	Chiroptera	Vespertilionidae	Myotis	Myotis daubentonii
Animalia	Chordata	Mammalia	Chiroptera	Vespertilionidae	Myotis	Myotis nattereri
Animalia	Chordata	Mammalia	Carnivora	Canidae	Vulpes	Vulpes vulpes
Animalia	Chordata	Mammalia	Carnivora	Canidae	Vulpes	Vulpes vulpes
Animalia	Chordata	Mammalia	Rodentia	Cricetidae	Microtus	Microtus agrestis
Animalia	Chordata	Mammalia	Rodentia	Cricetidae	Microtus	Microtus agrestis
Animalia	Chordata	Mammalia	Rodentia	Cricetidae	Microtus	Microtus agrestis
Animalia	Chordata	Mammalia	Rodentia	Cricetidae	Microtus	Microtus agrestis
Animalia	Chordata	Mammalia	Rodentia	Cricetidae	Microtus	Microtus agrestis
Animalia	Chordata	Mammalia	Carnivora	Mustelidae	Lutra	Lutra lutra
Animalia	Chordata	Mammalia	Carnivora	Mustelidae	Lutra	Lutra lutra
Animalia	Chordata	Mammalia	Carnivora	Mustelidae	Lutra	Lutra lutra
Animalia	Chordata	Mammalia	Carnivora	Mustelidae	Lutra	Lutra lutra
Animalia	Chordata	Mammalia	Carnivora	Mustelidae	Lutra	Lutra lutra
Animalia	Chordata	Mammalia	Carnivora	Mustelidae	Lutra	Lutra lutra
Animalia	Chordata	Mammalia	Rodentia	Muridae	Mus	Mus musculus
Animalia	Chordata	Mammalia	Rodentia	Muridae	Mus	Mus musculus
Animalia	Chordata	Mammalia	Rodentia	Muridae	Mus	Mus musculus
Animalia	Chordata	Mammalia	Rodentia	Muridae	Mus	Mus musculus
Animalia	Chordata	Mammalia	Rodentia	Muridae	Mus	Mus musculus
Animalia	Chordata	Mammalia	Rodentia	Muridae	Mus	Mus musculus
Animalia	Chordata	Mammalia	Rodentia	Muridae	Mus	Mus musculus
Animalia	Chordata	Mammalia	Rodentia	Muridae	Mus	Mus musculus
Animalia	Chordata	Mammalia	Rodentia	Muridae	Mus	Mus musculus
Animalia	Chordata	Mammalia	Rodentia	Muridae	Mus	Mus musculus
Animalia	Chordata	Mammalia	Rodentia	Muridae	Mus	Mus musculus
Animalia	Chordata	Mammalia	Rodentia	Muridae	Mus	Mus musculus
Animalia	Chordata	Mammalia	Rodentia	Muridae	Mus	Mus musculus
Animalia	Chordata	Mammalia	Carnivora	Mustelidae	Martes	Martes foina
Animalia	Chordata	Mammalia	Carnivora	Mustelidae	Martes	Martes foina
Animalia	Chordata	Mammalia	Carnivora	Mustelidae	Martes	Martes foina
Animalia	Chordata	Mammalia	Carnivora	Mustelidae	Martes	Martes foina
Animalia	Chordata	Mammalia	Carnivora	Mustelidae	Martes	Martes foina
Animalia	Chordata	Mammalia	Rodentia	Dipodidae	Sicista	Sicista betulina
Animalia	Chordata	Mammalia	Rodentia	Dipodidae	Sicista	Sicista betulina
Animalia	Chordata	Mammalia	Rodentia	Dipodidae	Sicista	Sicista betulina
Animalia	Chordata	Mammalia	Rodentia	Dipodidae	Sicista	Sicista betulina
Animalia	Chordata	Mammalia	Rodentia	Muridae	Micromys	Micromys minutus
Animalia	Chordata	Mammalia	Rodentia	Muridae	Micromys	Micromys minutus
Animalia	Chordata	Mammalia	Rodentia	Muridae	Micromys	Micromys minutus
Animalia	Chordata	Mammalia	Rodentia	Muridae	Micromys	Micromys minutus
Animalia	Chordata	Mammalia	Rodentia	Muridae	Micromys	Micromys minutus
Animalia	Arthropoda	Insecta	Coleoptera	Carabidae	Pterostichus	Pterostichus melanarius
Animalia	Arthropoda	Insecta	Coleoptera	Carabidae	Pterostichus	Pterostichus diligens
Animalia	Arthropoda	Insecta	Coleoptera	Carabidae	Acupalpus	Acupalpus parvulus
Animalia	Arthropoda	Insecta	Coleoptera	Carabidae	Oxypselaphus	Oxypselaphus obscurus
Animalia	Arthropoda	Insecta	Coleoptera	Carabidae	Anisodactylus	Anisodactylus binotatus
Animalia	Arthropoda	Insecta	Coleoptera	Staphylinidae	Lordithon	Lordithon lunulatus
Animalia	Arthropoda	Insecta	Coleoptera	Staphylinidae	Othius	Othius lapidicola
Animalia	Arthropoda	Insecta	Coleoptera	Carabidae	Carabus	Carabus violaceus
Animalia	Arthropoda	Insecta	Coleoptera	Staphylinidae	Staphylinus	Staphylinus punctulatus
Animalia	Arthropoda	Insecta	Coleoptera	Staphylinidae	Lathrobium	Lathrobium brunnipes
Animalia	Arthropoda	Insecta	Coleoptera	Staphylinidae	Quedius	Quedius mesomelinus
Animalia	Arthropoda	Insecta	Coleoptera	Staphylinidae	Quedius	Quedius cinctus
Animalia	Arthropoda	Insecta	Coleoptera	Carabidae	Loricera	Loricera pilicornis
Animalia	Arthropoda	Insecta	Coleoptera	Staphylinidae	Quedius	Quedius lateralis
Animalia	Arthropoda	Insecta	Coleoptera	Staphylinidae	Tasgius	Tasgius morsitans
Animalia	Arthropoda	Insecta	Coleoptera	Staphylinidae	Ocypus	Ocypus brunnipes
Animalia	Arthropoda	Insecta	Coleoptera	Staphylinidae	Rugilus	Rugilus rufipes
Animalia	Arthropoda	Insecta	Coleoptera	Staphylinidae	Tachinus	Tachinus rufipennis
Animalia	Arthropoda	Insecta	Coleoptera	Melolonthidae	Serica	Serica brunnea
Animalia	Arthropoda	Insecta	Coleoptera	Lucanidae	Sinodendron	Sinodendron cylindricum
Animalia	Arthropoda	Insecta	Coleoptera	Geotrupidae	Geotrupes	Geotrupes stercorarius
Animalia	Arthropoda	Insecta	Coleoptera	Silphidae	Oiceoptoma	Oiceoptoma thoracicum
Animalia	Arthropoda	Insecta	Coleoptera	Silphidae	Nicrophorus	Nicrophorus vespilloides
Animalia	Arthropoda	Insecta	Coleoptera	Lucanidae	Dorcus	Dorcus parallelipipedus
Animalia	Arthropoda	Insecta	Coleoptera	Carabidae	Carabus	Carabus coriaceus
Animalia	Arthropoda	Insecta	Coleoptera	Staphylinidae	Ocypus	Ocypus olens
Animalia	Arthropoda	Insecta	Coleoptera	Carabidae	Pterostichus	Pterostichus oblongopunctatus
Animalia	Arthropoda	Insecta	Coleoptera	Staphylinidae	Philonthus	Philonthus decorus
Animalia	Arthropoda	Insecta	Coleoptera	Geotrupidae	Anoplotrupes	Anoplotrupes stercorosus
Animalia	Arthropoda	Insecta	Coleoptera	Carabidae	Carabus	Carabus hortensis
Animalia	Arthropoda	Insecta	Coleoptera	Carabidae	Carabus	Carabus granulatus
Animalia	Arthropoda	Insecta	Coleoptera	Carabidae	Nebria	Nebria brevicollis
Animalia	Arthropoda	Insecta	Coleoptera	Lampyridae	Lampyris	
Animalia	Arthropoda	Insecta	Coleoptera	Carabidae	Abax	Abax parallelepipedus
Animalia	Arthropoda	Insecta	Coleoptera	Carabidae	Pterostichus	Pterostichus niger
Animalia	Arthropoda	Insecta	Coleoptera	Carabidae	Carabus	Carabus arcensis
Animalia	Arthropoda	Insecta	Coleoptera	Carabidae	Cychrus	Cychrus caraboides
Animalia	Arthropoda	Insecta	Coleoptera	Bostrichidae	Bostrichus	Bostrichus piceae
Animalia	Arthropoda	Insecta	Coleoptera	Curculionidae	Cryphalus	Cryphalus abietis
Animalia	Chordata	Amphibia	Anura	Ranidae	Pelophylax	Pelophylax esculentus
Animalia	Chordata	Amphibia	Anura	Ranidae	Pelophylax	Pelophylax esculentus
Animalia	Chordata	Amphibia	Anura	Hylidae	Hyla	Hyla arborea
Animalia	Chordata	Amphibia	Caudata	Salamandridae	Lissotriton	Lissotriton vulgaris
Animalia	Chordata	Amphibia	Caudata	Salamandridae	Triturus	Triturus cristatus
Animalia	Chordata	Amphibia	Anura	Bufonidae	Bufo	Bufo bufo
Animalia	Chordata	Amphibia	Anura	Bombinatoridae	Bombina	Bombina bombina
Animalia	Chordata	Reptilia	Squamata	Lacertidae	Zootoca	Zootoca vivipara
Animalia	Chordata	Reptilia	Squamata	Anguidae	Anguis	Anguis fragilis
Animalia	Chordata	Reptilia	Squamata	Viperidae	Vipera	Vipera berus
Animalia	Chordata	Reptilia	Squamata	Viperidae	Vipera	Vipera berus
Animalia	Chordata	Reptilia	Squamata	Lacertidae	Lacerta	Lacerta agilis
Plantae	Bryophyta	Bryopsida	Hypnales	Hylocomiaceae	Pleurozium	Pleurozium schreberi
Plantae	Bryophyta	Sphagnopsida	Sphagnales	Sphagnaceae	Sphagnum	Sphagnum fallax
Plantae	Bryophyta	Bryopsida	Hypnales	Hypnaceae	Hypnum	Hypnum cupressiforme
Plantae	Bryophyta	Bryopsida	Leucodontales	Neckeraceae	Neckera	Neckera complanata
Plantae	Marchantiophyta	Jungermanniopsida	Metzgeriales	Metzgeriaceae	Metzgeria	Metzgeria furcata
Plantae	Charophyta	Zygnematophyceae	Zygnematales	Desmidiaceae	Euastrum	Euastrum binale
Plantae	Charophyta	Zygnematophyceae	Zygnematales	Mesotaeniaceae	Cylindrocystis	Cylindrocystis brebissonii
Plantae	Charophyta	Zygnematophyceae	Zygnematales	Desmidiaceae	Euastrum	Euastrum binale
Plantae	Charophyta	Zygnematophyceae	Zygnematales	Desmidiaceae	Staurastrum	Staurastrum scabrum
Plantae	Charophyta	Zygnematophyceae	Zygnematales	Desmidiaceae	Staurastrum	Staurastrum paradoxum
Plantae	Charophyta	Zygnematophyceae	Zygnematales	Desmidiaceae	Cosmarium	Cosmarium amoenum
Plantae	Charophyta	Zygnematophyceae	Zygnematales	Desmidiaceae	Staurastrum	Staurastrum margaritaceum
Plantae	Charophyta	Zygnematophyceae	Zygnematales	Desmidiaceae	Staurastrum	Staurastrum margaritaceum
Plantae	Charophyta	Zygnematophyceae	Zygnematales	Desmidiaceae	Cosmarium	Cosmarium amoenum
Plantae	Charophyta	Zygnematophyceae	Zygnematales	Desmidiaceae	Staurastrum	Staurastrum paradoxum
Plantae	Charophyta	Zygnematophyceae	Zygnematales	Desmidiaceae	Staurastrum	Staurastrum paradoxum
Plantae	Charophyta	Zygnematophyceae	Zygnematales	Mesotaeniaceae	Mesotaenium	Mesotaenium caldariorum
Plantae	Charophyta	Zygnematophyceae	Zygnematales	Desmidiaceae	Cosmarium	Cosmarium obtusatum
Plantae	Charophyta	Zygnematophyceae	Zygnematales	Desmidiaceae	Cosmarium	Cosmarium turpinii
Plantae	Charophyta	Zygnematophyceae	Zygnematales	Desmidiaceae	Micrasterias	Micrasterias truncata
Plantae	Charophyta	Zygnematophyceae	Zygnematales	Desmidiaceae	Micrasterias	Micrasterias truncata
Plantae	Charophyta	Zygnematophyceae	Zygnematales	Desmidiaceae	Cosmarium	Cosmarium subprotumidum
Plantae	Charophyta	Zygnematophyceae	Zygnematales	Closteriaceae	Closterium	Closterium venus
Plantae	Charophyta	Zygnematophyceae	Zygnematales	Desmidiaceae	Hyalotheca	Hyalotheca dissiliens
Plantae	Charophyta	Zygnematophyceae	Zygnematales	Desmidiaceae	Micrasterias	Micrasterias rotata
Plantae	Charophyta	Zygnematophyceae	Zygnematales	Desmidiaceae	Cosmarium	Cosmarium reniforme
Plantae	Tracheophyta	Liliopsida	Poales	Poaceae	Dactylis	Dactylis glomerata
Plantae	Tracheophyta	Equisetopsida	Equisetales	Equisetaceae	Equisetum	Equisetum palustre
Plantae	Tracheophyta	Liliopsida	Poales	Poaceae	Phleum	Phleum pratense
Plantae	Tracheophyta	Liliopsida	Poales	Poaceae	Dactylis	Dactylis glomerata
Plantae	Tracheophyta	Liliopsida	Poales	Poaceae	Sporobolus	Sporobolus townsendii
Plantae	Tracheophyta	Liliopsida	Poales	Poaceae		
Plantae	Tracheophyta	Liliopsida	Alismatales	Hydrocharitaceae	Elodea	Elodea canadensis
Plantae	Tracheophyta	Liliopsida	Alismatales	Hydrocharitaceae	Elodea	Elodea nuttallii
Plantae	Tracheophyta	Magnoliopsida	Lamiales	Orobanchaceae	Lathraea	Lathraea squamaria
Plantae	Tracheophyta	Liliopsida	Poales	Cyperaceae	Carex	Carex nigra
Plantae	Tracheophyta	Liliopsida	Poales	Poaceae	Elymus	Elymus repens
Plantae	Tracheophyta	Liliopsida	Poales	Poaceae	Lolium	Lolium perenne
Plantae	Tracheophyta	Liliopsida	Poales	Poaceae	Poa	Poa pratensis
Plantae	Tracheophyta	Liliopsida	Poales	Poaceae	Festuca	Festuca rubra
Plantae	Tracheophyta	Liliopsida	Poales	Poaceae	Molinia	Molinia caerulea
Plantae	Tracheophyta	Liliopsida	Poales	Poaceae	Calamagrostis	Calamagrostis epigejos
Plantae	Tracheophyta	Liliopsida	Alismatales	Zosteraceae	Zostera	Zostera marina
Plantae	Tracheophyta	Liliopsida	Alismatales	Potamogetonaceae	Potamogeton	Potamogeton natans
Plantae	Tracheophyta	Liliopsida	Alismatales	Potamogetonaceae	Potamogeton	Potamogeton pectinatus
Plantae	Tracheophyta	Liliopsida	Alismatales	Potamogetonaceae	Potamogeton	Potamogeton praelongus
Plantae	Tracheophyta	Liliopsida	Alismatales	Potamogetonaceae	Potamogeton	Potamogeton lucens
Animalia	Cnidaria	Anthozoa	Actiniaria	Edwardsiidae	Edwardsia	Edwardsia danica
Animalia	Cnidaria	Anthozoa	Zoantharia	Parazoanthidae	Isozoanthus	
Animalia	Chordata	Actinopterygii	Pleuronectiformes	Pleuronectidae	Pleuronectes	Pleuronectes platessa
Animalia	Chordata	Actinopterygii	Pleuronectiformes	Pleuronectidae	Pleuronectes	Pleuronectes platessa
Animalia	Chordata	Actinopterygii	Pleuronectiformes	Pleuronectidae	Pleuronectes	Pleuronectes platessa
Animalia	Chordata	Actinopterygii	Pleuronectiformes	Pleuronectidae	Pleuronectes	Pleuronectes platessa
Animalia	Chordata	Actinopterygii	Clupeiformes	Clupeidae	Clupea	Clupea harengus
Animalia	Chordata	Actinopterygii	Clupeiformes	Clupeidae	Clupea	Clupea harengus
Animalia	Chordata	Actinopterygii	Clupeiformes	Clupeidae	Clupea	Clupea harengus
Animalia	Chordata	Actinopterygii	Clupeiformes	Clupeidae	Clupea	Clupea harengus
Animalia	Chordata	Actinopterygii	Gadiformes	Gadidae	Gadus	Gadus morhua
Animalia	Chordata	Actinopterygii	Gadiformes	Gadidae	Gadus	Gadus morhua
Animalia	Chordata	Actinopterygii	Gadiformes	Gadidae	Gadus	Gadus morhua
Animalia	Chordata	Actinopterygii	Gadiformes	Gadidae	Gadus	Gadus morhua
Animalia	Chordata	Actinopterygii	Perciformes	Scombridae	Scomber	Scomber scombrus
Animalia	Chordata	Actinopterygii	Perciformes	Scombridae	Scomber	Scomber scombrus
Animalia	Chordata	Actinopterygii	Perciformes	Scombridae	Scomber	Scomber scombrus
Animalia	Chordata	Actinopterygii	Perciformes	Scombridae	Scomber	Scomber scombrus
Animalia	Chordata	Actinopterygii	Perciformes	Ammodytidae	Ammodytes	Ammodytes tobianus
Animalia	Chordata	Actinopterygii	Perciformes	Ammodytidae	Ammodytes	Ammodytes tobianus
Animalia	Chordata	Actinopterygii	Perciformes	Ammodytidae	Ammodytes	Ammodytes tobianus
Animalia	Chordata	Actinopterygii	Perciformes	Ammodytidae	Ammodytes	Ammodytes tobianus
Animalia	Chordata	Actinopterygii	Pleuronectiformes	Pleuronectidae	Microstomus	Microstomus kitt
Animalia	Chordata	Actinopterygii	Gadiformes	Gadidae	Merlangius	Merlangius merlangus
Animalia	Chordata	Actinopterygii	Pleuronectiformes	Pleuronectidae	Hippoglossoides	Hippoglossoides platessoides
Animalia	Chordata	Actinopterygii	Pleuronectiformes	Pleuronectidae	Limanda	Limanda limanda
Animalia	Chordata	Actinopterygii	Clupeiformes	Clupeidae	Sprattus	Sprattus sprattus
Animalia	Chordata	Actinopterygii	Scorpaeniformes	Triglidae	Eutrigla	Eutrigla gurnardus
Animalia	Chordata	Actinopterygii	Perciformes	Gobiidae	Pomatoschistus	Pomatoschistus minutus
Animalia	Chordata	Actinopterygii	Pleuronectiformes	Soleidae	Solea	Solea solea
Animalia	Chordata	Actinopterygii	Perciformes	Trachinidae	Trachinus	Trachinus draco
Animalia	Chordata	Actinopterygii	Gasterosteiformes	Gasterosteidae	Spinachia	Spinachia spinachia
Animalia	Chordata	Actinopterygii	Syngnathiformes	Syngnathidae	Syngnathus	Syngnathus typhle
Animalia	Chordata	Actinopterygii	Syngnathiformes	Syngnathidae	Syngnathus	Syngnathus rostellatus
Animalia	Chordata	Actinopterygii	Pleuronectiformes	Scophthalmidae	Scophthalmus	Scophthalmus maximus
Animalia	Chordata	Actinopterygii	Perciformes	Gobiidae	Pomatoschistus	Pomatoschistus microps
Animalia	Chordata	Actinopterygii	Gasterosteiformes	Gasterosteidae	Gasterosteus	Gasterosteus aculeatus
Animalia	Chordata	Actinopterygii	Perciformes	Gobiidae	Crystallogobius	Crystallogobius linearis
Animalia	Chordata	Aves	Pelecaniformes	Ardeidae	Ardea	Ardea cinerea
Animalia	Chordata	Aves	Ciconiiformes	Ciconiidae	Ciconia	Ciconia ciconia
Animalia	Chordata	Aves	Anseriformes	Anatidae	Anser	Anser anser
Animalia	Chordata	Aves	Anseriformes	Anatidae	Somateria	Somateria mollissima
Animalia	Chordata	Aves	Accipitriformes	Accipitridae	Milvus	Milvus milvus
Animalia	Chordata	Aves	Accipitriformes	Accipitridae	Accipiter	Accipiter nisus
Animalia	Chordata	Aves	Accipitriformes	Accipitridae	Accipiter	Accipiter gentilis
Animalia	Chordata	Aves	Accipitriformes	Accipitridae	Buteo	Buteo buteo
Animalia	Chordata	Aves	Falconiformes	Falconidae	Falco	Falco tinnunculus
Animalia	Chordata	Aves	Gruiformes	Rallidae	Fulica	Fulica atra
Animalia	Chordata	Aves	Gruiformes	Gruidae	Grus	Grus grus
Animalia	Chordata	Aves	Charadriiformes	Charadriidae	Pluvialis	Pluvialis apricaria
Animalia	Chordata	Aves	Charadriiformes	Scolopacidae	Calidris	Calidris alpina
Animalia	Chordata	Aves	Charadriiformes	Laridae	Larus	Larus ridibundus
Animalia	Chordata	Aves	Charadriiformes	Laridae	Larus	Larus canus
Animalia	Chordata	Aves	Charadriiformes	Laridae	Larus	Larus argentatus
Animalia	Chordata	Aves	Charadriiformes	Laridae	Larus	Larus marinus
Animalia	Chordata	Aves	Charadriiformes	Laridae	Hydroprogne	Hydroprogne caspia
Animalia	Chordata	Aves	Columbiformes	Columbidae	Columba	Columba palumbus
Animalia	Chordata	Aves	Strigiformes	Strigidae	Bubo	Bubo bubo
Animalia	Chordata	Aves	Strigiformes	Strigidae	Athene	Athene noctua
Animalia	Chordata	Aves	Strigiformes	Strigidae	Strix	Strix aluco
Animalia	Chordata	Aves	Strigiformes	Strigidae	Asio	Asio flammeus
Animalia	Chordata	Aves	Strigiformes	Strigidae	Asio	Asio otus
Animalia	Chordata	Aves	Strigiformes	Strigidae	Aegolius	Aegolius funereus
Animalia	Chordata	Aves	Coraciiformes	Meropidae	Merops	Merops apiaster
Animalia	Chordata	Aves	Piciformes	Picidae	Dendrocopos	Dendrocopos major
Animalia	Chordata	Aves	Passeriformes	Muscicapidae	Luscinia	Luscinia svecica
Animalia	Chordata	Aves	Passeriformes	Muscicapidae	Phoenicurus	Phoenicurus phoenicurus
Animalia	Chordata	Aves	Passeriformes	Muscicapidae	Turdus	Turdus merula
Animalia	Chordata	Aves	Passeriformes	Sylviidae	Sylvia	Sylvia atricapilla
Animalia	Chordata	Aves	Passeriformes	Laniidae	Lanius	Lanius collurio
Animalia	Chordata	Aves	Passeriformes	Corvidae	Corvus	Corvus corax
Animalia	Chordata	Aves	Passeriformes	Fringillidae	Fringilla	Fringilla coelebs
Animalia	Chordata	Aves	Passeriformes	Fringillidae	Carpodacus	Carpodacus erythrinus
Animalia	Chordata	Aves	Anseriformes	Anatidae	Branta	Branta leucopsis
Animalia	Chordata	Aves	Anseriformes	Anatidae	Aythya	Aythya fuligula
Animalia	Chordata	Aves	Galliformes	Phasianidae	Phasianus	Phasianus colchicus
Animalia	Chordata	Aves	Passeriformes	Corvidae	Corvus	Corvus cornix
Animalia	Chordata	Aves	Galliformes	Phasianidae	Perdix	Perdix perdix
Animalia	Chordata	Aves	Charadriiformes	Scolopacidae	Gallinago	Gallinago gallinago
Animalia	Chordata	Aves	Passeriformes	Emberizidae	Emberiza	Emberiza citrinella
Animalia	Chordata	Aves	Passeriformes	Muscicapidae	Luscinia	Luscinia luscinia
Animalia	Chordata	Aves	Passeriformes	Alaudidae	Lullula	Lullula arborea
Animalia	Chordata	Aves	Passeriformes	Motacillidae	Anthus	Anthus campestris
Animalia	Chordata	Aves	Charadriiformes	Scolopacidae	Tringa	Tringa totanus
Animalia	Chordata	Aves	Passeriformes	Laniidae	Lanius	Lanius excubitor
Animalia	Chordata	Aves	Passeriformes	Paridae	Poecile	Poecile montanus
Animalia	Chordata	Aves	Passeriformes	Phylloscopidae	Phylloscopus	Phylloscopus sibillatrix
Animalia	Chordata	Aves	Anseriformes	Anatidae	Cygnus	Cygnus olor
Animalia	Chordata	Amphibia	Caudata	Salamandridae	Ichthyosaura	Ichthyosaura alpestris
Plantae	Tracheophyta	Equisetopsida	Equisetales	Equisetaceae	Equisetum	Equisetum telmateia
Animalia	Chordata	Actinopterygii	Clupeiformes	Clupeidae	Alosa	Alosa fallax
Animalia	Chordata	Actinopterygii	Gadiformes	Gadidae	Trisopterus	Trisopterus luscus
Animalia	Chordata	Actinopterygii	Syngnathiformes	Syngnathidae	Nerophis	Nerophis ophidion
Animalia	Chordata	Actinopterygii	Scorpaeniformes	Cyclopteridae	Cyclopterus	Cyclopterus lumpus
Animalia	Chordata	Elasmobranchii	Squaliformes	Etmopteridae	Etmopterus	Etmopterus spinax
Animalia	Chordata	Actinopterygii	Stomiiformes	Sternoptychidae	Argyropelecus	Argyropelecus olfersii
Animalia	Chordata	Actinopterygii	Perciformes	Ammodytidae	Ammodytes	Ammodytes marinus
Animalia	Chordata	Actinopterygii	Pleuronectiformes	Bothidae	Arnoglossus	Arnoglossus laterna
Animalia	Chordata	Actinopterygii	Perciformes	Callionymidae	Callionymus	Callionymus lyra
Animalia	Chordata	Actinopterygii	Syngnathiformes	Syngnathidae	Syngnathus	Syngnathus acus
Animalia	Chordata	Actinopterygii	Scorpaeniformes	Agonidae	Agonus	Agonus cataphractus
Animalia	Chordata	Actinopterygii	Syngnathiformes	Syngnathidae	Entelurus	Entelurus aequoreus
Animalia	Chordata	Actinopterygii	Osmeriformes	Osmeridae	Osmerus	Osmerus eperlanus
Animalia	Chordata	Actinopterygii	Clupeiformes	Engraulidae	Engraulis	Engraulis encrasicolus
Animalia	Chordata	Actinopterygii	Perciformes	Pholidae	Pholis	Pholis gunnellus
Animalia	Chordata	Actinopterygii	Perciformes	Stichaeidae	Leptoclinus	Leptoclinus maculatus
Animalia	Chordata	Actinopterygii	Scorpaeniformes	Sebastidae	Helicolenus	Helicolenus dactylopterus
Animalia	Chordata	Actinopterygii	Perciformes	Zoarcidae	Lycodes	Lycodes gracilis
Animalia	Chordata	Actinopterygii	Clupeiformes	Clupeidae	Alosa	Alosa fallax
Animalia	Chordata	Actinopterygii	Perciformes	Anarhichadidae	Anarhichas	Anarhichas lupus
Animalia	Chordata	Actinopterygii	Pleuronectiformes	Pleuronectidae	Glyptocephalus	Glyptocephalus cynoglossus
Animalia	Arthropoda	Insecta	Coleoptera	Carabidae	Carabus	Carabus nemoralis
Animalia	Arthropoda	Insecta	Diptera	Cecidomyiidae	Contarinia	Contarinia rumicis
Animalia	Arthropoda	Insecta	Diptera	Cecidomyiidae	Neomikiella	Neomikiella lychnidis
Animalia	Arthropoda	Insecta	Diptera	Cecidomyiidae	Rabdophaga	Rabdophaga marginemtorquens
Animalia	Arthropoda	Insecta	Diptera	Cecidomyiidae	Dasineura	Dasineura ulmaria
Plantae	Charophyta	Zygnematophyceae	Zygnematales	Desmidiaceae	Cosmarium	Cosmarium ochthodes
Plantae	Charophyta	Zygnematophyceae	Zygnematales	Desmidiaceae	Cosmarium	Cosmarium thwaitesii
Plantae	Charophyta	Zygnematophyceae	Zygnematales	Desmidiaceae	Cosmarium	Cosmarium impressulum
Plantae	Charophyta	Zygnematophyceae	Zygnematales	Desmidiaceae	Cosmarium	Cosmarium quadratum
Plantae	Charophyta	Zygnematophyceae	Zygnematales	Desmidiaceae	Teilingia	Teilingia granulata
Plantae	Charophyta	Zygnematophyceae	Zygnematales	Closteriaceae	Closterium	Closterium acutum
Plantae	Charophyta	Zygnematophyceae	Zygnematales	Desmidiaceae	Cosmarium	Cosmarium formosulum
Plantae	Charophyta	Zygnematophyceae	Zygnematales	Desmidiaceae	Cosmarium	Cosmarium regnellii
Plantae	Charophyta	Zygnematophyceae	Zygnematales	Desmidiaceae	Staurastrum	Staurastrum furcigerum
Plantae	Charophyta	Zygnematophyceae	Zygnematales	Closteriaceae	Closterium	Closterium setaceum
Plantae	Charophyta	Zygnematophyceae	Zygnematales	Desmidiaceae	Cosmarium	
Plantae	Charophyta	Zygnematophyceae	Zygnematales	Desmidiaceae	Cosmarium	Cosmarium perforatum
Plantae	Charophyta	Zygnematophyceae	Zygnematales	Desmidiaceae	Euastrum	Euastrum ansatum
Plantae	Charophyta	Zygnematophyceae	Zygnematales	Desmidiaceae	Micrasterias	
Plantae	Charophyta	Zygnematophyceae	Zygnematales	Desmidiaceae	Staurastrum	Staurastrum brachiatum
Plantae	Charophyta	Zygnematophyceae	Zygnematales	Peniaceae	Penium	Penium exiguum
Plantae	Charophyta	Zygnematophyceae	Zygnematales	Desmidiaceae	Cosmarium	Cosmarium ornatum
Plantae	Charophyta	Zygnematophyceae	Zygnematales	Desmidiaceae	Cosmarium	Cosmarium blyttii
Plantae	Charophyta	Zygnematophyceae	Zygnematales	Desmidiaceae	Euastrum	Euastrum lapponicum
Plantae	Charophyta	Zygnematophyceae	Zygnematales	Desmidiaceae	Staurodesmus	Staurodesmus triangularis
Plantae	Charophyta	Zygnematophyceae	Zygnematales	Desmidiaceae	Micrasterias	Micrasterias papillifera
Plantae	Charophyta	Zygnematophyceae	Zygnematales	Desmidiaceae	Staurodesmus	Staurodesmus convergens
Plantae	Charophyta	Zygnematophyceae	Zygnematales	Desmidiaceae	Euastrum	Euastrum pectinatum
Plantae	Charophyta	Zygnematophyceae	Zygnematales	Desmidiaceae	Cosmarium	Cosmarium formosulum
Plantae	Charophyta	Zygnematophyceae	Zygnematales	Desmidiaceae	Staurastrum	Staurastrum polytrichum
Plantae	Charophyta	Zygnematophyceae	Zygnematales	Desmidiaceae	Cosmarium	Cosmarium humile
Plantae	Charophyta	Zygnematophyceae	Zygnematales	Desmidiaceae	Micrasterias	Micrasterias americana
Plantae	Charophyta	Zygnematophyceae	Zygnematales	Desmidiaceae	Cosmarium	Cosmarium pachydermum
Fungi	Basidiomycota	Agaricomycetes	Boletales	Boletaceae	Aureoboletus	Aureoboletus gentilis
Fungi	Ascomycota	Geoglossomycetes	Geoglossales	Geoglossaceae	Trichoglossum	Trichoglossum variabile
Fungi	Basidiomycota	Agaricomycetes	Russulales	Russulaceae	Lactarius	Lactarius aquizonatus
Fungi	Basidiomycota	Agaricomycetes	Russulales	Russulaceae	Lactarius	Lactarius aquizonatus
Fungi	Basidiomycota	Agaricomycetes	Russulales	Russulaceae	Lactarius	Lactarius aquizonatus
Fungi	Basidiomycota	Agaricomycetes	Agaricales	Tricholomataceae	Mycenella	Mycenella trachyspora
Fungi	Basidiomycota	Agaricomycetes	Agaricales	Cortinariaceae	Cortinarius	Cortinarius violaceipes
Fungi	Basidiomycota	Agaricomycetes	Agaricales	Marasmiaceae	Marasmius	Marasmius hudsonii
Fungi	Basidiomycota	Agaricomycetes	Cantharellales	Cantharellaceae	Cantharellus	Cantharellus cibarius
Fungi	Basidiomycota	Agaricomycetes	Cantharellales	Cantharellaceae	Cantharellus	Cantharellus cibarius
Fungi	Ascomycota	Pezizomycetes	Pezizales	Pyronemataceae	Tarzetta	Tarzetta cupularis
Fungi	Basidiomycota	Agaricomycetes	Agaricales	Cortinariaceae	Cortinarius	Cortinarius humolens
Plantae	Tracheophyta	Pinopsida	Pinales	Cupressaceae	Juniperus	Juniperus communis
Plantae	Tracheophyta	Magnoliopsida	Malvales	Malvaceae	Tilia	Tilia platyphyllos
Plantae	Tracheophyta	Magnoliopsida	Malvales	Malvaceae	Tilia	Tilia cordata
Plantae	Tracheophyta	Magnoliopsida	Malpighiales	Salicaceae		
Plantae	Tracheophyta	Magnoliopsida	Fagales	Betulaceae	Betula	Betula pendula
Plantae	Tracheophyta	Magnoliopsida	Fagales	Betulaceae	Betula	Betula pubescens
Plantae	Tracheophyta	Magnoliopsida	Celastrales	Celastraceae	Euonymus	Euonymus europaeus
Plantae	Tracheophyta	Magnoliopsida	Aquifoliales	Aquifoliaceae	Ilex	Ilex aquifolium
Plantae	Tracheophyta	Magnoliopsida	Sapindales	Sapindaceae	Acer	Acer campestre
Plantae	Tracheophyta	Magnoliopsida	Fagales	Fagaceae	Fagus	Fagus sylvatica
Plantae	Tracheophyta	Magnoliopsida	Rosales	Rosaceae	Prunus	Prunus avium
Plantae	Tracheophyta	Pinopsida	Pinales	Pinaceae	Picea	Picea abies
Plantae	Tracheophyta	Pinopsida	Pinales	Pinaceae	Pinus	Pinus sylvestris
Plantae	Tracheophyta	Magnoliopsida	Lamiales	Oleaceae	Fraxinus	Fraxinus excelsior
Plantae	Tracheophyta	Magnoliopsida	Rosales	Rhamnaceae	Frangula	Frangula alnus
Plantae	Tracheophyta	Magnoliopsida	Dipsacales	Adoxaceae	Viburnum	Viburnum opulus
Plantae	Tracheophyta	Magnoliopsida	Cornales	Cornaceae	Cornus	Cornus sanguinea
Plantae	Tracheophyta	Magnoliopsida	Dipsacales	Caprifoliaceae	Lonicera	Lonicera xylosteum
Plantae	Tracheophyta	Magnoliopsida	Rosales	Rosaceae	Rosa	Rosa canina
Plantae	Tracheophyta	Pinopsida	Pinales	Pinaceae	Abies	Abies alba
Plantae	Tracheophyta	Pinopsida	Pinales	Pinaceae	Abies	Abies nordmanniana
Plantae	Tracheophyta	Pinopsida	Pinales	Taxaceae	Taxus	Taxus baccata
Plantae	Tracheophyta	Pinopsida	Pinales	Pinaceae	Picea	Picea sitchensis
Plantae	Tracheophyta	Pinopsida	Pinales	Pinaceae	Picea	Picea glauca
Plantae	Tracheophyta	Magnoliopsida	Rosales	Rosaceae	Sorbus	Sorbus aucuparia
Plantae	Tracheophyta	Pinopsida	Pinales	Pinaceae	Abies	Abies grandis
Plantae	Tracheophyta	Pinopsida	Pinales	Pinaceae	Abies	Abies procera
Plantae	Tracheophyta	Magnoliopsida	Fagales	Fagaceae	Quercus	Quercus petraea
Plantae	Tracheophyta	Magnoliopsida	Fagales	Fagaceae	Quercus	Quercus robur
Animalia	Chordata	Mammalia	Carnivora	Phocidae	Halichoerus	Halichoerus grypus
Animalia	Chordata	Mammalia	Carnivora	Phocidae	Phoca	Phoca vitulina
Animalia	Chordata	Mammalia	Cetacea	Delphinidae	Delphinus	Delphinus delphis
Animalia	Chordata	Mammalia	Rodentia	Sciuridae	Tamias	Tamias sibiricus
Animalia	Chordata	Mammalia	Rodentia	Cricetidae	Arvicola	
Animalia	Chordata	Mammalia	Rodentia	Muridae	Apodemus	Apodemus sylvaticus
Animalia	Chordata	Mammalia	Rodentia	Muridae	Rattus	Rattus rattus
Animalia	Chordata	Mammalia	Rodentia	Gliridae	Muscardinus	Muscardinus avellanarius
Animalia	Chordata	Mammalia	Chiroptera	Vespertilionidae	Eptesicus	Eptesicus serotinus
Animalia	Chordata	Mammalia	Cetacea	Balaenopteridae	Megaptera	Megaptera novaeangliae
Animalia	Chordata	Mammalia	Cetacea	Delphinidae	Lagenorhynchus	Lagenorhynchus albirostris
Animalia	Chordata	Mammalia	Cetacea	Balaenopteridae	Balaenoptera	Balaenoptera physalus
Animalia	Chordata	Mammalia	Cetacea	Balaenopteridae	Balaenoptera	Balaenoptera acutorostrata
Animalia	Chordata	Mammalia	Cetacea	Physeteridae	Physeter	Physeter macrocephalus
Animalia	Chordata	Mammalia	Cetacea	Delphinidae	Lagenorhynchus	Lagenorhynchus acutus
Animalia	Arthropoda	Malacostraca	Decapoda	Astacidae	Astacus	Astacus astacus
Animalia	Arthropoda	Malacostraca	Decapoda	Astacidae	Pontastacus	Pontastacus leptodactylus
Animalia	Arthropoda	Malacostraca	Decapoda	Astacidae	Pacifastacus	Pacifastacus leniusculus
Animalia	Chordata	Elasmobranchii	Rajiformes	Rajidae	Dipturus	Dipturus batis
Animalia	Chordata	Actinopterygii	Stomiiformes	Sternoptychidae	Maurolicus	Maurolicus muelleri
Animalia	Chordata	Actinopterygii	Scorpaeniformes	Cottidae	Taurulus	Taurulus bubalis
Animalia	Chordata	Actinopterygii	Perciformes	Callionymidae	Callionymus	Callionymus maculatus
Animalia	Chordata	Actinopterygii	Mugiliformes	Mugilidae	Liza	Liza ramada
Animalia	Chordata	Actinopterygii	Perciformes	Labridae	Centrolabrus	Centrolabrus exoletus
Animalia	Chordata	Actinopterygii	Perciformes	Labridae	Labrus	Labrus bergylta
Animalia	Chordata	Actinopterygii	Lampriformes	Trachipteridae	Trachipterus	Trachipterus arcticus
Animalia	Chordata	Actinopterygii	Perciformes	Gobiidae	Neogobius	Neogobius melanostomus
Animalia	Chordata	Actinopterygii	Perciformes	Scombridae	Thunnus	Thunnus thynnus
Animalia	Chordata	Actinopterygii	Pleuronectiformes	Scophthalmidae	Zeugopterus	Zeugopterus punctatus
Animalia	Chordata	Actinopterygii	Perciformes	Trachinidae	Echiichthys	Echiichthys vipera
Animalia	Chordata	Actinopterygii	Perciformes	Stichaeidae	Chirolophis	Chirolophis ascanii
Animalia	Chordata	Actinopterygii	Gadiformes	Gadidae	Raniceps	Raniceps raninus
Animalia	Chordata	Actinopterygii	Perciformes	Mullidae	Mullus	Mullus surmuletus
Animalia	Chordata	Elasmobranchii	Squaliformes	Somniosidae	Somniosus	Somniosus microcephalus
Animalia	Chordata	Elasmobranchii	Lamniformes	Lamnidae	Lamna	Lamna nasus
Animalia	Chordata	Actinopterygii	Acipenseriformes	Acipenseridae	Acipenser	Acipenser gueldenstaedtii
Animalia	Chordata	Actinopterygii	Acipenseriformes	Acipenseridae	Acipenser	Acipenser oxyrinchus
Animalia	Chordata	Actinopterygii	Cypriniformes	Cyprinidae	Abramis	Abramis brama
Animalia	Chordata	Actinopterygii	Salmoniformes	Salmonidae	Thymallus	Thymallus thymallus
Animalia	Chordata	Actinopterygii	Perciformes	Labridae	Ctenolabrus	Ctenolabrus rupestris
Animalia	Chordata	Actinopterygii	Perciformes	Scombridae	Sarda	Sarda sarda
Plantae	Tracheophyta	Magnoliopsida	Sapindales	Sapindaceae	Acer	Acer pseudoplatanus
Plantae	Tracheophyta	Magnoliopsida	Rosales	Rosaceae	Malus	Malus sylvestris
Plantae	Tracheophyta	Magnoliopsida	Malpighiales	Salicaceae	Populus	Populus tremula
Plantae	Tracheophyta	Magnoliopsida	Sapindales	Sapindaceae	Acer	Acer platanoides
Animalia	Chordata	Mammalia	Chiroptera	Vespertilionidae	Myotis	Myotis bechsteinii
Animalia	Chordata	Mammalia	Chiroptera	Vespertilionidae	Myotis	Myotis bechsteinii
Animalia	Chordata	Mammalia	Chiroptera	Vespertilionidae	Myotis	Myotis bechsteinii
Animalia	Chordata	Mammalia	Chiroptera	Vespertilionidae	Myotis	Myotis bechsteinii
Animalia	Arthropoda	Branchiopoda	Diplostraca	Lynceidae	Lynceus	Lynceus brachyurus
Plantae	Tracheophyta	Liliopsida	Asparagales	Orchidaceae	Neottia	Neottia ovata
Plantae	Tracheophyta	Liliopsida	Asparagales	Orchidaceae	Orchis	Orchis purpurea
Plantae	Tracheophyta	Magnoliopsida	Fabales	Fabaceae	Lathyrus	Lathyrus sphaericus
Plantae	Tracheophyta	Magnoliopsida	Fabales	Fabaceae	Vicia	Vicia sativa
Plantae	Tracheophyta	Magnoliopsida	Fabales	Fabaceae	Medicago	Medicago lupulina
Plantae	Tracheophyta	Magnoliopsida	Asterales	Asteraceae	Pilosella	Pilosella officinarum
Plantae	Tracheophyta	Magnoliopsida	Fabales	Fabaceae	Lotus	Lotus corniculatus
Plantae	Tracheophyta	Magnoliopsida	Ranunculales	Ranunculaceae	Ranunculus	Ranunculus bulbosus
Plantae	Tracheophyta	Liliopsida	Asparagales	Orchidaceae	Platanthera	Platanthera chlorantha
Plantae	Tracheophyta	Liliopsida	Poales	Poaceae	Briza	Briza media
Plantae	Tracheophyta	Magnoliopsida	Caryophyllales	Caryophyllaceae	Silene	Silene nutans
Plantae	Tracheophyta	Magnoliopsida	Lamiales	Plantaginaceae	Veronica	Veronica chamaedrys
Plantae	Tracheophyta	Magnoliopsida	Caryophyllales	Polygonaceae	Rumex	Rumex acetosella
Plantae	Tracheophyta	Magnoliopsida	Apiales	Apiaceae	Torilis	Torilis japonica
Plantae	Tracheophyta	Magnoliopsida	Fabales	Polygalaceae	Polygala	Polygala vulgaris
Plantae	Tracheophyta	Magnoliopsida	Ranunculales	Ranunculaceae	Anemone	Anemone nemorosa
Plantae	Tracheophyta	Magnoliopsida	Gentianales	Rubiaceae	Galium	Galium odoratum
Plantae	Tracheophyta	Liliopsida	Poales	Poaceae	Melica	Melica uniflora
Plantae	Tracheophyta	Magnoliopsida	Ericales	Primulaceae	Primula	Primula veris
Plantae	Tracheophyta	Magnoliopsida	Apiales	Apiaceae	Sanicula	Sanicula europaea
Plantae	Tracheophyta	Magnoliopsida	Ranunculales	Ranunculaceae	Myosurus	Myosurus minimusÂ L.
Fungi	Basidiomycota	Pucciniomycetes	Pucciniales	Pcciniaceae	Uromyces	Uromyces dactylidis
Fungi	Basidiomycota	Microbotryomycetes	Microbotryales	Microbotryaceae	Microbotryum	Microbotryum stellariae
Animalia	Mollusca	Gastropoda	Hygrophila	Lymnaeidae	Lymnaea	Lymnaea stagnalis
Animalia	Mollusca	Gastropoda	Hygrophila	Lymnaeidae	Stagnicola	Stagnicola palustris
Animalia	Mollusca	Gastropoda	Hygrophila	Lymnaeidae	Radix	Radix labiata
Animalia	Mollusca	Gastropoda	Hygrophila	Lymnaeidae	Galba	Galba truncatula
Animalia	Platyhelminthes	Trematoda	Plagiorchiida	Fasciolidae	Fasciola	Fasciola hepatica
Animalia	Arthropoda	Insecta	Hemiptera	Pentatomidae	Palomena	Palomena prasina
Animalia	Arthropoda	Insecta	Diptera	Syrphidae	Episyrphus	Episyrphus balteatus
Animalia	Arthropoda	Insecta	Mecoptera	Panorpidae	Panorpa	Panorpa communis
Animalia	Arthropoda	Insecta	Orthoptera	Tettigoniidae	Pholidoptera	Pholidoptera griseoaptera
Animalia	Arthropoda	Insecta	Hymenoptera	Vespidae	Vespa	Vespa crabro
Animalia	Arthropoda	Arachnida	Araneae	Pholcidae	Pholcus	Pholcus phalangioides
Animalia	Arthropoda	Arachnida	Araneae	Dictynidae	Mastigusa	Mastigusa arietina
Animalia	Arthropoda	Chilopoda	Lithobiomorpha	Lithobiidae	Lithobius	Lithobius forficatus
Animalia	Arthropoda	Arachnida	Araneae	Araneidae	Argiope	Argiope bruennichi
Animalia	Arthropoda	Insecta	Hymenoptera	Formicidae	Formica	Formica rufibarbis
Animalia	Arthropoda	Insecta	Hymenoptera	Formicidae	Formica	Formica polyctena
Animalia	Arthropoda	Insecta	Hymenoptera	Formicidae	Formica	Formica fusca
Animalia	Arthropoda	Insecta	Hymenoptera	Formicidae	Lasius	Lasius niger
Animalia	Arthropoda	Insecta	Hymenoptera	Formicidae	Leptothorax	Leptothorax acervorum
Animalia	Arthropoda	Insecta	Hymenoptera	Formicidae	Tetramorium	Tetramorium caespitum
Animalia	Chordata	Actinopterygii	Perciformes	Gobiidae	Lesueurigobius	Lesueurigobius friesii
Animalia	Chordata	Myxini	Myxiniformes	Myxinidae	Myxine	Myxine glutinosa
Animalia	Chordata	Elasmobranchii	Rajiformes	Rajidae	Dipturus	Dipturus oxyrinchus
Animalia	Chordata	Elasmobranchii	Rajiformes	Rajidae	Leucoraja	Leucoraja fullonica
Animalia	Chordata	Actinopterygii	Gadiformes	Phycidae	Phycis	Phycis blennoides
Animalia	Chordata	Actinopterygii	Beryciformes	Berycidae	Beryx	Beryx decadactylus
Animalia	Chordata	Actinopterygii	Gadiformes	Gadidae	Gadiculus	Gadiculus argenteus
Animalia	Chordata	Actinopterygii	Zeiformes	Zeidae	Zeus	Zeus faber
Animalia	Chordata	Actinopterygii	Osmeriformes	Argentinidae	Argentina	Argentina sphyraena
Animalia	Chordata	Actinopterygii	Osmeriformes	Argentinidae	Argentina	Argentina silus
						
Animalia	Chordata	Elasmobranchii	Rajiformes	Rajidae	Rajella	Rajella lintea
Plantae	Tracheophyta	Liliopsida	Asparagales	Orchidaceae	Dactylorhiza	Dactylorhiza fuchsii
Plantae	Tracheophyta	Liliopsida	Asparagales	Orchidaceae	Anacamptis	Anacamptis pyramidalis
Animalia	Chordata	Actinopterygii	Perciformes	Sparidae	Boops	Boops boops
Animalia	Chordata	Actinopterygii	Perciformes	Carangidae	Trachurus	Trachurus trachurus
Animalia	Chordata	Holocephali	Chimaeriformes	Chimaeridae	Chimaera	Chimaera monstrosa
Animalia	Chordata	Actinopterygii	Gadiformes	Merlucciidae	Merluccius	Merluccius merluccius
Animalia	Chordata	Actinopterygii	Scorpaeniformes	Sebastidae	Sebastes	Sebastes viviparus
Animalia	Chordata	Elasmobranchii	Carcharhiniformes	Triakidae	Mustelus	Mustelus asterias
Animalia	Chordata	Elasmobranchii	Carcharhiniformes	Scyliorhinidae	Galeus	Galeus melastomus
Plantae	Tracheophyta	Magnoliopsida	Caryophyllales	Amaranthaceae	Atriplex	Atriplex portulacoides
Plantae	Tracheophyta	Magnoliopsida	Lamiales	Plantaginaceae	Plantago	Plantago maritima
Plantae	Tracheophyta	Magnoliopsida	Caryophyllales	Plumbaginaceae	Limonium	Limonium vulgare
Plantae	Tracheophyta	Lycopodiopsida	Lycopodiales	Lycopodiaceae	Lycopodiella	Lycopodiella inundata
Plantae	Tracheophyta	Magnoliopsida	Caryophyllales	Droseraceae	Drosera	Drosera intermedia
Plantae	Tracheophyta	Magnoliopsida	Lamiales	Lentibulariaceae	Utricularia	Utricularia minor
Plantae	Tracheophyta	Liliopsida	Poales	Cyperaceae	Isolepis	Isolepis fluitans
Plantae	Tracheophyta	Magnoliopsida	Fabales	Fabaceae	Genista	Genista anglica
Plantae	Tracheophyta	Magnoliopsida	Asterales	Asteraceae	Arnica	Arnica montana
Plantae	Tracheophyta	Liliopsida	Dioscoreales	Nartheciaceae	Narthecium	Narthecium ossifragum
Plantae	Tracheophyta	Liliopsida	Poales	Poaceae	Parapholis	Parapholis strigosa
Plantae	Tracheophyta	Magnoliopsida	Fabales	Fabaceae	Lotus	Lotus pedunculatus
Plantae	Tracheophyta	Magnoliopsida	Caryophyllales	Caryophyllaceae	Silene	Silene flos-cuculi
Plantae	Tracheophyta	Magnoliopsida	Ranunculales	Ranunculaceae	Ranunculus	Ranunculus flammula
Plantae	Tracheophyta	Magnoliopsida	Asterales	Asteraceae	Cirsium	Cirsium palustre
Plantae	Tracheophyta	Liliopsida	Poales	Cyperaceae	Eriophorum	Eriophorum angustifolium
Plantae	Tracheophyta	Liliopsida	Poales	Cyperaceae	Carex	Carex pulicaris
Plantae	Tracheophyta	Liliopsida	Poales	Cyperaceae	Carex	Carex nigra
Plantae	Tracheophyta	Liliopsida	Poales	Cyperaceae	Carex	Carex echinata
Plantae	Tracheophyta	Liliopsida	Poales	Juncaceae	Juncus	Juncus conglomeratus
Plantae	Tracheophyta	Liliopsida	Poales	Juncaceae	Juncus	Juncus articulatus
Plantae	Tracheophyta	Magnoliopsida	Dipsacales	Caprifoliaceae	Valeriana	Valeriana dioica
Plantae	Tracheophyta	Magnoliopsida	Ericales	Primulaceae	Lysimachia	Lysimachia vulgaris
Plantae	Tracheophyta	Magnoliopsida	Fagales	Myricaceae	Myrica	Myrica gale
Plantae	Tracheophyta	Magnoliopsida	Lamiales	Lamiaceae	Prunella	Prunella vulgaris
Plantae	Tracheophyta	Magnoliopsida	Fabales	Fabaceae	Trifolium	Trifolium repens
Plantae	Tracheophyta	Liliopsida	Poales	Cyperaceae	Carex	Carex panicea
Plantae	Tracheophyta	Magnoliopsida	Rosales	Rosaceae	Comarum	Comarum palustre
Plantae	Tracheophyta	Magnoliopsida	Myrtales	Onagraceae	Epilobium	Epilobium palustre
Plantae	Tracheophyta	Magnoliopsida	Ericales	Ericaceae	Erica	Erica tetralix
Plantae	Tracheophyta	Magnoliopsida	Caryophyllales	Droseraceae	Drosera	Drosera rotundifolia
Plantae	Tracheophyta	Magnoliopsida	Solanales	Convolvulaceae	Cuscuta	Cuscuta epithymum
Plantae	Tracheophyta	Liliopsida	Poales	Poaceae	Agrostis	Agrostis canina
Plantae	Tracheophyta	Magnoliopsida	Asterales	Asteraceae	Logfia	Logfia minima
Plantae	Tracheophyta	Magnoliopsida	Asterales	Campanulaceae	Lobelia	Lobelia dortmanna
						
Plantae	Tracheophyta	Magnoliopsida	Ericales	Primulaceae	Trientalis	
Plantae	Tracheophyta	Magnoliopsida	Dipsacales	Caprifoliaceae	Knautia	Knautia arvensis
Plantae	Tracheophyta	Polypodiopsida	Polypodiales	Dryopteridaceae	Dryopteris	Dryopteris dilatata
Plantae	Tracheophyta	Magnoliopsida	Ericales	Ericaceae	Empetrum	Empetrum nigrum
Plantae	Tracheophyta	Magnoliopsida	Lamiales	Plantaginaceae	Plantago	Plantago major
Plantae	Tracheophyta	Polypodiopsida	Polypodiales	Polypodiaceae	Polypodium	Polypodium vulgare
Plantae	Tracheophyta	Magnoliopsida	Fabales	Fabaceae	Ornithopus	Ornithopus perpusillus
Plantae	Tracheophyta	Liliopsida	Poales	Cyperaceae	Carex	Carex arenaria
Plantae	Tracheophyta	Magnoliopsida	Rosales	Rosaceae	Argentina	Argentina anserina
Plantae	Tracheophyta	Magnoliopsida	Asterales	Asteraceae	Achillea	Achillea millefolium
Plantae	Tracheophyta	Magnoliopsida	Asterales	Campanulaceae	Campanula	Campanula rotundifolia
Plantae	Tracheophyta	Magnoliopsida	Lamiales	Plantaginaceae	Linaria	Linaria vulgaris
Plantae	Tracheophyta	Magnoliopsida	Fagales	Fagaceae	Fagus	Fagus sylvatica
Plantae	Tracheophyta	Liliopsida	Poales	Cyperaceae	Scirpus	Scirpus sylvaticus
						
Plantae	Tracheophyta	Magnoliopsida	Apiales	Apiaceae	Aegopodium	Aegopodium podagraria
Plantae	Tracheophyta	Magnoliopsida	Lamiales	Orobanchaceae	Melampyrum	Melampyrum pratense
Plantae	Tracheophyta	Magnoliopsida	Caryophyllales	Caryophyllaceae	Silene	Silene dioica
Plantae	Tracheophyta	Magnoliopsida	Asterales	Campanulaceae	Phyteuma	Phyteuma spicatum
Plantae	Tracheophyta	Magnoliopsida	Rosales	Rosaceae	Filipendula	Filipendula ulmaria
Plantae	Tracheophyta	Magnoliopsida	Caryophyllales	Polygonaceae	Rumex	Rumex sanguineus
Plantae	Tracheophyta	Magnoliopsida	Caryophyllales	Polygonaceae	Persicaria	Persicaria hydropiper
Plantae	Tracheophyta	Polypodiopsida	Polypodiales	Dryopteridaceae	Dryopteris	Dryopteris filix-mas
Plantae	Tracheophyta	Liliopsida	Asparagales	Asparagaceae	Convallaria	Convallaria majalis
Plantae	Tracheophyta	Polypodiopsida	Polypodiales	Dryopteridaceae	Dryopteris	Dryopteris dilatata
Plantae	Tracheophyta	Magnoliopsida	Apiales	Apiaceae	Cicuta	Cicuta virosa
Plantae	Tracheophyta	Magnoliopsida	Caryophyllales	Caryophyllaceae	Silene	Silene otites
Plantae	Tracheophyta	Liliopsida	Poales	Cyperaceae	Schoenoplectus	Schoenoplectus lacustris
Plantae	Tracheophyta	Liliopsida	Poales	Juncaceae	Juncus	Juncus subnodulosus
Plantae	Tracheophyta	Magnoliopsida	Lamiales	Orobanchaceae	Rhinanthus	Rhinanthus serotinus
Plantae	Tracheophyta	Magnoliopsida	Rosales	Rhamnaceae	Rhamnus	Rhamnus cathartica
Plantae	Tracheophyta	Magnoliopsida	Rosales	Rhamnaceae	Frangula	Frangula alnus
Plantae	Tracheophyta	Equisetopsida	Equisetales	Equisetaceae	Equisetum	Equisetum palustre
Plantae	Tracheophyta	Magnoliopsida	Rosales	Rosaceae	Prunus	Prunus padus
Plantae	Tracheophyta	Magnoliopsida	Myrtales	Lythraceae	Lythrum	Lythrum salicaria
Animalia	Chordata	Actinopterygii	Clupeiformes	Clupeidae	Sardina	Sardina pilchardus
Animalia	Chordata	Actinopterygii	Perciformes	Callionymidae	Callionymus	Callionymus reticulatus
Animalia	Chordata	Actinopterygii	Perciformes	Cichlidae	Cichlasoma	Cichlasoma bimaculatum
Animalia	Chordata	Actinopterygii	Perciformes	Gobiidae	Gobiusculus	Gobiusculus flavescens
Animalia	Chordata	Actinopterygii	Salmoniformes	Salmonidae	Oncorhynchus	Oncorhynchus mykiss
Animalia	Chordata	Actinopterygii	Anguilliformes	Anguillidae	Anguilla	Anguilla anguilla
Animalia	Chordata	Actinopterygii	Perciformes	Stichaeidae	Lumpenus	Lumpenus lampretaeformis
Animalia	Chordata	Actinopterygii	Scorpaeniformes	Cottidae	Myoxocephalus	Myoxocephalus scorpius
Animalia	Chordata	Elasmobranchii	Lamniformes	Alopiidae	Alopias	Alopias vulpinus
Animalia	Chordata	Elasmobranchii	Rajiformes	Rajidae	Raja	Raja brachyura
Animalia	Mollusca	Bivalvia	Unionida	Unionidae	Unio	Unio crassus
Animalia	Arthropoda	Insecta	Diptera	Athericidae	Atherix	Atherix ibis
Animalia	Arthropoda	Insecta	Ephemeroptera	Heptageniidae	Electrogena	Electrogena lateralis
Animalia	Arthropoda	Insecta	Ephemeroptera	Ephemeridae	Ephemera	Ephemera vulgata
Animalia	Arthropoda	Insecta	Ephemeroptera	Ephemerellidae	Ephemerella	Ephemerella notata
Animalia	Arthropoda	Insecta	Ephemeroptera	Baetidae	Nigrobaetis	Nigrobaetis niger
Animalia	Mollusca	Gastropoda	Architaenioglossa	Viviparidae	Viviparus	Viviparus viviparus
Animalia	Arthropoda	Insecta	Hemiptera	Aphelocheiridae	Aphelocheirus	Aphelocheirus aestivalis
Animalia	Arthropoda	Insecta	Hemiptera	Cimicidae	Cimex	Cimex najas
Animalia	Arthropoda	Insecta	Odonata	Gomphidae	Gomphus	Gomphus vulgatissimus
Animalia	Arthropoda	Insecta	Odonata	Gomphidae	Ophiogomphus	Ophiogomphus cecilia
Animalia	Arthropoda	Insecta	Plecoptera	Perlodidae	Perlodes	Perlodes microcephalus
Animalia	Arthropoda	Insecta	Plecoptera	Chloroperlidae	Siphonoperla	Siphonoperla burmeisteri
Animalia	Arthropoda	Insecta	Trichoptera	Glossosomatidae	Agapetus	Agapetus ochripes
Animalia	Arthropoda	Insecta	Trichoptera	Brachycentridae	Brachycentrus	Brachycentrus maculatum
Animalia	Arthropoda	Insecta	Trichoptera	Hydropsychidae	Cheumatopsyche	Cheumatopsyche lepida
Animalia	Arthropoda	Insecta	Trichoptera	Limnephilidae	Ecclisopteryx	Ecclisopteryx dalecarlica
Animalia	Arthropoda	Insecta	Trichoptera	Hydropsychidae	Hydropsyche	Hydropsyche fulvipes
Animalia	Arthropoda	Insecta	Trichoptera	Hydropsychidae	Hydropsyche	Hydropsyche pellucidula
Animalia	Arthropoda	Insecta	Trichoptera	Hydroptilidae	Ithytrichia	Ithytrichia lamellaris
Animalia	Arthropoda	Insecta	Trichoptera	Lepidostomatidae	Lepidostoma	Lepidostoma basale
Animalia	Arthropoda	Insecta	Trichoptera	Limnephilidae	Limnephilus	Limnephilus germanus
Animalia	Arthropoda	Insecta	Trichoptera	Goeridae	Lithax	Lithax obscurus
Animalia	Arthropoda	Insecta	Trichoptera	Psychomyiidae	Lype	Lype reducta
Animalia	Arthropoda	Insecta	Trichoptera	Sericostomatidae	Notidobia	Notidobia ciliaris
Animalia	Arthropoda	Insecta	Trichoptera	Odontoceridae	Odontocerum	Odontocerum albicorne
Animalia	Arthropoda	Insecta	Trichoptera	Philopotamidae	Philopotamus	Philopotamus montanus
Animalia	Arthropoda	Insecta	Trichoptera	Limnephilidae	Potamophylax	Potamophylax rotundipennis
Animalia	Arthropoda	Insecta	Trichoptera	Psychomyiidae	Psychomyia	Psychomyia pusilla
Animalia	Arthropoda	Insecta	Trichoptera	Sericostomatidae	Sericostoma	Sericostoma personatum
Animalia	Arthropoda	Insecta	Trichoptera	Psychomyiidae	Tinodes	Tinodes unicolor
Animalia	Arthropoda	Insecta	Trichoptera	Leptoceridae	Ylodes	Ylodes simulans
Animalia	Platyhelminthes				Fasciola	Fasciola punctata
Animalia	Arthropoda	Insecta	Coleoptera	Elmidae	Limnius	Limnius volckmari
Animalia	Mollusca	Gastropoda		Planorbidae	Ancylus	Ancylus fluviatilis
Animalia	Arthropoda	Insecta	Trichoptera	Limnephilidae	Ironoquia	Ironoquia dubia
Animalia	Arthropoda	Insecta	Trichoptera	Glossosomatidae	Agapetus	Agapetus fuscipes
Animalia	Arthropoda	Insecta	Trichoptera	Hydropsychidae	Hydropsyche	Hydropsyche saxonica
Animalia	Arthropoda	Insecta	Trichoptera	Hydropsychidae	Hydropsyche	Hydropsyche angustipennis
Animalia	Arthropoda	Insecta	Trichoptera	Hydropsychidae	Hydropsyche	Hydropsyche siltalai
Animalia	Arthropoda	Insecta	Trichoptera	Sericostomatidae	Notidobia	Notidobia ciliaris
Animalia	Arthropoda	Insecta	Ephemeroptera	Ephemeridae	Ephemera	Ephemera danica
Animalia	Arthropoda	Insecta	Plecoptera	Taeniopterygidae	Brachyptera	Brachyptera risi
Animalia	Arthropoda	Insecta	Plecoptera	Perlodidae	Isoperla	Isoperla grammatica
Animalia	Arthropoda	Insecta	Trichoptera	Goeridae	Lithax	Lithax obscurus
Animalia	Arthropoda	Insecta	Trichoptera	Hydropsychidae	Hydropsyche	Hydropsyche fulvipes
Animalia	Arthropoda	Insecta	Trichoptera	Hydropsychidae	Cheumatopsyche	Cheumatopsyche lepida
Animalia	Arthropoda	Insecta	Plecoptera	Capniidae	Zwicknia	Zwicknia bifrons
Animalia	Arthropoda	Insecta	Trichoptera	Sericostomatidae	Sericostoma	Sericostoma personatum
						
Animalia	Arthropoda	Insecta	Diptera	Ptychopteridae	Ptychoptera	Ptychoptera scutellaris
Animalia	Arthropoda	Arachnida	Araneae	Hahniidae	Iberina	Iberina montana
Animalia	Arthropoda	Arachnida	Araneae	Araneidae	Araneus	Araneus quadratus
Animalia	Arthropoda	Arachnida	Araneae	Pisauridae	Pisaura	Pisaura mirabilis
Animalia	Arthropoda	Arachnida	Araneae	Salticidae	Marpissa	Marpissa muscosa
Animalia	Arthropoda	Arachnida	Araneae	Amaurobiidae	Amaurobius	Amaurobius fenestralis
Animalia	Arthropoda	Arachnida	Araneae	Pisauridae	Pisaura	Pisaura mirabilis
Animalia	Arthropoda	Arachnida	Araneae	Araneidae	Nuctenea	Nuctenea umbratica
Animalia	Arthropoda	Arachnida	Araneae	Araneidae	Araneus	Araneus diadematus
Animalia	Arthropoda	Arachnida	Araneae	Araneidae	Argiope	Argiope bruennichi
Animalia	Arthropoda	Arachnida	Araneae	Pholcidae	Pholcus	Pholcus phalangioides
Animalia	Arthropoda	Arachnida	Araneae	Linyphiidae	Linyphia	Linyphia triangularis
Animalia	Arthropoda	Arachnida	Araneae	Araneidae	Araneus	Araneus diadematus
Animalia	Arthropoda	Branchiopoda	Diplostraca	Polyphemidae	Polyphemus	Polyphemus pediculus
Animalia	Arthropoda	Branchiopoda	Diplostraca	Daphniidae	Simocephalus	Simocephalus vetulus
Animalia	Arthropoda	Branchiopoda	Diplostraca	Eurycercidae	Eurycercus	Eurycercus lamellatus
Animalia	Arthropoda	Branchiopoda	Diplostraca	Sididae	Sida	Sida crystallina
Animalia	Arthropoda	Branchiopoda	Diplostraca	Daphniidae	Scapholeberis	Scapholeberis mucronata
Animalia	Arthropoda	Branchiopoda	Diplostraca	Leptodoridae	Leptodora	Leptodora kindti
Animalia	Arthropoda	Branchiopoda	Diplostraca	Chydoridae	Chydorus	Chydorus sphaericus
Animalia	Arthropoda	Branchiopoda	Diplostraca	Bosminidae	Bosmina	
Animalia	Arthropoda	Branchiopoda	Diplostraca	Cercopagidae	Cercopagis	Cercopagis pengoi
Plantae	Tracheophyta	Magnoliopsida	Dipsacales	Adoxaceae	Sambucus	Sambucus nigra
Plantae	Tracheophyta	Magnoliopsida	Apiales	Araliaceae	Hedera	Hedera helix
Plantae	Tracheophyta	Magnoliopsida	Dipsacales	Caprifoliaceae	Scabiosa	Scabiosa canescens
Plantae	Tracheophyta	Magnoliopsida	Fagales	Betulaceae	Carpinus	Carpinus betulus
Plantae	Tracheophyta	Magnoliopsida	Fagales	Betulaceae	Corylus	Corylus avellana
Plantae	Tracheophyta	Pinopsida	Pinales	Cupressaceae	Thuja	Thuja plicata
Plantae	Tracheophyta	Magnoliopsida	Fagales	Fagaceae	Quercus	Quercus rubra
Plantae	Tracheophyta	Magnoliopsida	Saxifragales	Grossulariaceae	Ribes	Ribes alpinum
Plantae	Tracheophyta	Magnoliopsida	Saxifragales	Grossulariaceae	Ribes	Ribes rubrum
Plantae	Tracheophyta	Magnoliopsida	Saxifragales	Grossulariaceae	Ribes	Ribes spicatum
Plantae	Tracheophyta	Magnoliopsida	Saxifragales	Grossulariaceae	Ribes	Ribes uva-crispa
Plantae	Tracheophyta	Pinopsida	Pinales	Pinaceae	Larix	Larix decidua
Plantae	Tracheophyta	Pinopsida	Pinales	Pinaceae	Pinus	Pinus contorta
Plantae	Tracheophyta	Liliopsida	Poales	Cyperaceae	Isolepis	Isolepis setacea
Plantae	Tracheophyta	Pinopsida	Pinales	Pinaceae	Pinus	Pinus nigra
Plantae	Tracheophyta	Pinopsida	Pinales	Pinaceae	Pseudotsuga	Pseudotsuga menziesii
Plantae	Tracheophyta	Magnoliopsida	Rosales	Rhamnaceae	Rhamnus	Rhamnus cathartica
Plantae	Tracheophyta	Magnoliopsida	Rosales	Rosaceae	Crataegus	Crataegus laevigata
Plantae	Tracheophyta	Magnoliopsida	Rosales	Rosaceae	Crataegus	Crataegus monogyna
Plantae	Tracheophyta	Magnoliopsida	Rosales	Rosaceae	Crataegus	Crataegus rhipidophylla
Plantae	Tracheophyta	Magnoliopsida	Rosales	Rosaceae	Prunus	Prunus cerasifera
Plantae	Tracheophyta	Magnoliopsida	Rosales	Rosaceae	Prunus	Prunus mahaleb
Plantae	Tracheophyta	Magnoliopsida	Ranunculales	Ranunculaceae	Ficaria	Ficaria verna
Plantae	Tracheophyta	Magnoliopsida	Rosales	Rosaceae	Prunus	Prunus serotina
Plantae	Tracheophyta	Magnoliopsida	Rosales	Rosaceae	Pyrus	Pyrus communis
Plantae	Tracheophyta	Magnoliopsida	Rosales	Rosaceae	Rosa	Rosa rugosa
Plantae	Tracheophyta	Magnoliopsida	Rosales	Rosaceae	Rosa	Rosa tomentosa
						
						
Plantae	Tracheophyta	Magnoliopsida	Rosales	Rosaceae	Sorbus	Sorbus aria
						
Plantae	Tracheophyta	Magnoliopsida	Rosales	Rosaceae	Sorbus	Sorbus intermedia
Plantae	Tracheophyta	Magnoliopsida	Rosales	Rosaceae	Sorbus	Sorbus rupicola
Plantae	Tracheophyta	Magnoliopsida	Rosales	Rosaceae	Sorbus	Sorbus torminalis
Plantae	Tracheophyta	Magnoliopsida	Malpighiales	Salicaceae	Populus	Populus alba
Plantae	Tracheophyta	Magnoliopsida	Malpighiales	Salicaceae	Populus	Populus balsamifera
Plantae	Tracheophyta	Magnoliopsida	Malpighiales	Salicaceae	Populus	Populus nigra
Plantae	Tracheophyta	Magnoliopsida	Malpighiales	Salicaceae	Populus	Populus balsamifera
Plantae	Tracheophyta	Magnoliopsida	Malpighiales	Salicaceae	Populus	Populus berolinensis
Plantae	Tracheophyta	Magnoliopsida	Malpighiales	Salicaceae	Populus	Populus canadensis
Plantae	Tracheophyta	Magnoliopsida	Malpighiales	Salicaceae	Populus	Populus canescens
Plantae	Tracheophyta	Magnoliopsida	Malpighiales	Salicaceae	Salix	Salix cinerea
Plantae	Tracheophyta	Magnoliopsida	Malpighiales	Salicaceae	Salix	Salix myrsinifolia
Plantae	Tracheophyta	Magnoliopsida	Malpighiales	Salicaceae	Salix	Salix pentandra
Plantae	Tracheophyta	Magnoliopsida	Malvales	Malvaceae	Tilia	Tilia europea
Plantae	Tracheophyta	Magnoliopsida	Rosales	Ulmaceae	Ulmus	Ulmus laevis
Fungi	Basidiomycota	Ustilaginomycetes	Ustilaginales	Anthracoideaceae	Anthracoidea	Anthracoidea arenariae
Animalia	Arthropoda	Insecta	Coleoptera	Aphodiidae	Acrossus	Acrossus luridus
Animalia	Arthropoda	Insecta	Coleoptera	Aphodiidae	Rhodaphodius	Rhodaphodius foetens
Animalia	Arthropoda	Insecta	Coleoptera	Aphodiidae	Otophorus	Otophorus haemorrhoidalis
Animalia	Arthropoda	Insecta	Coleoptera	Hydrophilidae	Sphaeridium	Sphaeridium lunatum
Animalia	Arthropoda	Insecta	Coleoptera	Aphodiidae	Teuchestes	Teuchestes fossor
Animalia	Arthropoda	Insecta	Coleoptera	Aphodiidae	Aphodius	Aphodius pedellus
Animalia	Arthropoda	Insecta	Diptera	Syrphidae	Syritta	Syritta pipiens
Animalia	Arthropoda	Insecta	Diptera	Syrphidae	Cheilosia	Cheilosia aenea
Animalia	Arthropoda	Insecta	Diptera	Rhinophoridae	Tachina	Tachina fera
Animalia	Arthropoda	Arachnida	Prostigmata	Eriophyidae	Aceria	Aceria squalida
Animalia	Arthropoda	Arachnida	Araneae	Salticidae	Marpissa	Marpissa muscosa
Animalia	Mollusca	Gastropoda		Lymnaeidae	Galba	Galba truncatula
Plantae	Tracheophyta	Magnoliopsida	Lamiales	Oleaceae	Fraxinus	Fraxinus excelsior
Plantae	Tracheophyta	Magnoliopsida	Lamiales	Oleaceae	Fraxinus	Fraxinus excelsior
Plantae	Tracheophyta	Magnoliopsida	Lamiales	Oleaceae	Fraxinus	Fraxinus excelsior
Animalia	Arthropoda	Insecta	Hymenoptera	Formicidae	Tetramorium	Tetramorium caespitum
Animalia	Arthropoda	Insecta	Hymenoptera	Formicidae	Tetramorium	
						
						
						
						
Plantae	Tracheophyta	Magnoliopsida	Dipsacales	Adoxaceae	Viburnum	Viburnum opulus
Plantae	Tracheophyta	Magnoliopsida	Cornales	Cornaceae	Cornus	Cornus sanguinea
Animalia	Mollusca	Gastropoda		Lymnaeidae	Lymnaea	Lymnaea stagnalis
Animalia	Mollusca	Gastropoda		Lymnaeidae	Stagnicola	Stagnicola palustris
Animalia	Mollusca	Gastropoda		Lymnaeidae	Radix	Radix labiata
Animalia	Mollusca	Gastropoda		Lymnaeidae	Galba	Galba truncatula
Chromista	Myzozoa	Dinophyceae	Gonyaulacales	Ceratiaceae	Ceratium	Ceratium cornutum
Chromista	Ochrophyta	Bacillariophyceae	Coscinodiscales	Coscinodiscaceae	Coscinodiscus	Coscinodiscus granii
Chromista	Ochrophyta	Bacillariophyceae	Chaetocerotales	Chaetocerotaceae	Chaetoceros	Chaetoceros gelidus
Chromista	Ochrophyta	Bacillariophyceae	Thalassiosirales	Skeletonemataceae	Skeletonema	Skeletonema marinoi
Chromista	Ochrophyta	Bacillariophyceae	Thalassiosirales	Thalassiosiraceae	Thalassiosira	Thalassiosira punctigera
Protozoa	Euglenozoa	Euglenoidea	Eutreptiida	Eutreptiaceae	Eutreptiella	Eutreptiella gymnastica
Chromista	Haptophyta	Prymnesiophyceae	Isochrysidales	Isochrysidaceae	Isochrysis	
Chromista	Haptophyta	Prymnesiophyceae	Prymnesiales	Prymnesiaceae	Prymnesium	Prymnesium parvum
Chromista	Cryptophyta	Cryptophyceae	Pyrenomonadales	Pyrenomonadaceae	Rhodomonas	Rhodomonas baltica
Plantae	Rhodophyta	Florideophyceae	Ceramiales	Ceramiaceae	Pterothamnion	
Plantae	Chlorophyta	Chlorophyceae	Volvocales	Volvocaceae	Volvox	Volvox aureus
						
Animalia	Platyhelminthes	Rhabditophora	Tricladida	Dendrocoelidae	Dendrocoelum	Dendrocoelum lacteum
Animalia	Arthropoda	Insecta	Ephemeroptera	Baetidae	Baetis	Baetis rhodani
Animalia	Arthropoda	Insecta	Ephemeroptera	Heptageniidae	Heptagenia	Heptagenia sulphurea
Animalia	Arthropoda	Insecta	Plecoptera	Capniidae	Zwicknia	Zwicknia bifrons
Animalia	Annelida	Clitellata	Rhynchobdellida	Glossiphoniidae	Glossiphonia	Glossiphonia complanata
Animalia	Mollusca	Gastropoda		Planorbidae	Planorbarius	Planorbarius corneus
Animalia	Arthropoda	Insecta	Trichoptera	Beraeidae	Ernodes	Ernodes articularis
Animalia	Platyhelminthes	Rhabditophora	Tricladida	Planariidae	Crenobia	Crenobia alpina
Animalia	Arthropoda	Insecta	Coleoptera	Hydraenidae	Hydraena	Hydraena nigrita
Animalia	Annelida	Clitellata	Rhynchobdellida	Glossiphoniidae	Theromyzon	Theromyzon tessulatum
Animalia	Arthropoda	Insecta	Ephemeroptera	Leptophlebiidae	Paraleptophlebia	Paraleptophlebia submarginata
Animalia	Chordata	Actinopterygii	Acipenseriformes	Acipenseridae	Acipenser	Acipenser baerii
Animalia	Chordata	Actinopterygii	Acipenseriformes	Acipenseridae	Acipenser	Acipenser ruthenus
Animalia	Chordata	Actinopterygii	Acipenseriformes	Acipenseridae	Acipenser	Acipenser stellatus
Animalia	Chordata	Actinopterygii	Acipenseriformes	Acipenseridae	Acipenser	Acipenser sturio
Animalia	Cnidaria	Scyphozoa	Semaeostomeae	Ulmaridae	Aurelia	Aurelia aurita
Animalia	Ctenophora	Tentaculata	Lobata	Bolinopsidae	Bolinopsis	
Animalia	Chordata	Actinopterygii	Salmoniformes	Salmonidae	Coregonus	Coregonus albula
Animalia	Chordata	Actinopterygii	Salmoniformes	Salmonidae	Coregonus	
Animalia	Mollusca	Bivalvia	Ostreida	Ostreidae	Magallana	Magallana gigas
Animalia	Mollusca	Bivalvia	Adapedonta	Pharidae	Ensis	
Animalia	Arthropoda	Malacostraca	Decapoda	Pseudothelphusidae	Eriocheir	Eriocheir sinensis
Animalia	Chordata	Actinopterygii	Acipenseriformes	Acipenseridae	Huso	Huso huso
Animalia	Ctenophora	Tentaculata	Lobata	Bolinopsidae	Mnemiopsis	Mnemiopsis leidyi
						
Animalia	Mollusca	Bivalvia	Myida	Myidae	Mya	Mya arenaria
Animalia	Mollusca	Bivalvia	Mytilida	Mytilidae	Mytilus	Mytilus edulis
Animalia	Arthropoda	Malacostraca	Decapoda	Nephropidae	Nephrops	Nephrops norvegicus
Animalia	Chordata	Actinopterygii	Salmoniformes	Salmonidae	Oncorhynchus	Oncorhynchus gorbuscha
Animalia	Chordata	Actinopterygii	Salmoniformes	Salmonidae	Oncorhynchus	Oncorhynchus kisutch
Animalia	Arthropoda	Malacostraca	Decapoda	Panopeidae	Rhithropanopeus	Rhithropanopeus harrisii
Animalia	Chordata	Actinopterygii	Salmoniformes	Salmonidae	Salmo	Salmo salar
						
Animalia	Chordata	Actinopterygii	Salmoniformes	Salmonidae	Salvelinus	Salvelinus alpinus
Animalia	Chordata	Actinopterygii	Salmoniformes	Salmonidae	Salvelinus	Salvelinus fontinalis
